{
	"width" : 640,
	"height" : 480,
	"intrinsic_matrix" :
	[
		570.3422241210938,
		0,
		0,
		0,
		570.3422241210938,
		0,
		319.5,
		239.5,
		1
	]
}
